title,status,error_message
留学生Computer Science编程作业代写,1,
Java代写：CSCI1933 Solving Grid Puzzles Using Stacks and Queues,1,
Security代写：NCC32 Smith and Jones Auctions Case Study,1,
CS代写：CS4007 Critical Analysis,1,
C++代写：COMP104 Road Trip Fuel and Cost Calculator,1,
Java代写：CS6310 Designing and Implementing the Streaming Wars System,1,
AI代写：CS540 Solving the 8-Tile Puzzle With A Search,1,
Python代写：CS0011 Nutrient Uptake Simulation,1,
Python代写：COMP221 Image Processing with Matrix Operations,1,
Operating System代写：CMPSC473 Writing A Dynamic Storage Allocator,1,
C代写：COMP2129 String Manipulation and Compiler Workflow in Depth,1,
Machine Learning代写：QHF30004 QMUL,1,
Java代写：CS5024 Distributed Shared White Board,1,
Machine Learning代写：CS504 Object Detection for Edge Computing Class,1,
Python代写：CSC384 Sokoban Puzzle,1,
Java代写：COMSW3134 Word Replacer,1,
Security代写：CSE346 Buffer Overflow,1,
Python代写：CSE6242 Collect data from TMDb to build a co-actor network,1,
SQL代写：INFS7900 Apply SQL Concepts,1,
Python代写：CS271 Finding Shortest Solution Paths for Maze,1,
C代写：CS101 Display Voltages,1,
Web代写：CM2024 Blogging Tool,1,
Java代写：CSCI1933 Stacks Queues and Grids,1,
Network代写：CS2024 SDN Firewall with POX,1,
Java代写：CSE374 Adjacency List,1,
AI代写：CS540 A on the 8 Tile Puzzle,1,
Python代写：CS0011 Nutrients Simulation,1,
Python代写：COMP221 Linear Equations Using Matrix,1,
C代写：COMP5129 Distributed Key-Value Store Implementation,1,
C++代写：COMP3023 Design Patterns With C++,1,
Java代写：CSE374 Red Black Tree,1,
Python代写：CS5001 MasterMind,1,
Python代写：COMP2990 Simple Fraction,1,
Java代写：CSCI1933 ArrayLists vs LinkedLists,1,
C++代写：SEHH2042 Gift Redemption System,1,
MPI代写：CS484 2D Van der Waals Gas Simulator,1,
C代写：CS36 Loops,1,
Python代写：FIT1008 Pokemon,1,
C++代写：CS104 Diving Competition,1,
Security代写：CSI4109 Mandatory Access Control,1,
C++代写：EE450 Dormitory Reservation System,1,
AI代写：B152TT Robot Vision,1,
Security代写：CS6262 Advanced Web Security,1,
OpenMP代写：CS484 Matrix Transpose,1,
R代写：ECE590 Toward More Reliable Software,1,
C++代写：CSCI251 Weather Information Processing System,1,
Hadoop代写：CS7121 MapReduce,1,
Python代写：CS001X Crytography Part2,1,
Python代写：CS001X Cryptography,1,
Web代写：CS3309 Website,1,
C++代写：COMP2012 Polynomial,1,
C++代写：CS101 Write A Program,1,
Java代写：CS156980 Shapes Photo Album Part2,1,
C代写：CIT5930 Making the LC4 Assembler,1,
C代写：CIT593 Linked List,1,
Java代写：CS156980 Shapes Photo Album Part1,1,
Web代写：CS418 Terrain MP,1,
C++代写：CS345 Sensor Networks and Mobile Data Communications,1,
Python代写：COMP3016 Fixed Sorting Network,1,
Python代写：CS313 Metaprogramming,1,
Web代写：CS4288 Web based System Architecture,1,
Parallel Computing代写：FIT3143 Research In Parallel and Distributed Computing,1,
AI代写：CSCI411 2048,1,
C++代写：CS280 Building a Lexical Analyzer for A Simple Pascal-Like Language,1,
C++代写：COMP206 Otodecks,1,
Python代写：FIT1054 Mountain Climber,1,
Network代写：EE450 Library Registration System,1,
Java代写：COMP2202 Autocomplete,1,
Java代写：CS53385 Space Invaders,1,
HTML代写：INFO1234 Major League Baseball Form,1,
SQL代写：CSE6242 End to End Analysis of TMBd Data,1,
Java代写：CSE214 iPhony pocket Telegraph Simulator,1,
C++代写：EECS665 Compiler Construction,1,
C++代写：PIC10A Linesweeper,1,
Java代写：COMP123 Primitive 2D Drawing,1,
Java代写：CSE12 Heaps and Priority Queue,1,
Java代写：CSE12 Stacks and Queues with a Deque,1,
Java代写：CSE12 Hash Table,1,
"C++代写：INFO1156 Lies, Damn Lies, and Statistics",1,
"Python代写：CSCI0479 List Comprehensions, Classes, CSV, Tabular Data",1,
JavaScript代写：CSE270M Computational Geomerty,1,
C代写：INFO1156 Object Oriented Programming,1,
C++代写：CMPSC122 Matrix,1,
Shell代写：COIS3380H Kicking the Tires on Linux,1,
PostgreSQL代写：COMP9311 SQL Question,1,
Machine Learning代写：COMP9517 Computer Vision,1,
AI代写：CSC384H1 Constraint Satisfaction,1,
Python代写：FC308 Assessment System,1,
C++代写：INFO9202 Choice Of Volatility Market,1,
SQL代写：COMP9311 SQL,1,
Operating System代写：CMPSC473 Writing A Dynamic Storage Allocator,1,
HTML代写：CMPT165 Mastering Visual Web Design,1,
Python代写：CS524983 Primary-Backup Service,1,
Python代写：COMP5249 Client-Server,1,
Operating System代写：COMP474 Kernel Memory Management,1,
Docker代写：EETS8355 Docker Containers,1,
MPI代写：COMP388 Solving the Navier Stokes Equation,1,
Network代写：CITS3002 3-Tier Network,1,
Java代写：COMP2207 Dstores,1,
Kubernetes代写：DCNE401 Kubernetes,1,
C++代写：COMP282 Turing Machine,1,
Machine Learning代写：ISE543 Predictive Model,1,
AI代写：COMP3620 Constraint Satisfaction Problems,1,
Database代写：CMPSC431W Lion Auction,1,
AI代写：DS1017 Transparecy and Interpretability,1,
C代写：EE450 Meeting Scheduling,1,
Operating System代写：COMP30023 Process Management,1,
Java代写：COMP612 Refactoring Recommender,1,
OS代写：CSE536 User Level Thread Management,1,
Python代写：CSCA08H The Flights,1,
AI代写：CSCI561 First Order Logic Resolution,1,
C++代写：CS714 Parallel Design Patterns,1,
Haskell代写：CSCI3136 Ripple Effect,1,
Python代写：CS7638 Warehouse AI,1,
Python代写：CS6035 Machine Learning on CLAMP,1,
Hardware代写：CSE237A Sensor Interaction And Real Time Scheduler,1,
AI代写：CSCI561 Pente,1,
Java代写：CSE214 Planner,1,
Python代写：CSC108H Bob's Compatibility Calculator,1,
Network代写：EE450 Student Performance Analysis System,1,
C++代写：OOP244 Dynamic Memory,1,
AI代写：CSCI561 Path Planning For Skier,1,
Python代写：CSC108H Chatbot,1,
Operating System代写：COMP420 Fork,1,
Python代写：COMP9012 Flow Puzzle,1,
C代写：CAB403 Car Park Management System and Simulator,1,
C++代写：ECE244 Linked Lists,1,
Python代写：PSY4219 Gaussians Filter,1,
Java代写：CS212 Hangman,1,
Java代写：CS6300 Textprocessor,1,
HTML代写：CP5638 Small Website,1,
Assembly代写：COMP2131 Working With Assembly Loops,1,
CS代写：COMP3320 Category Partition,1,
Game代写：ECE551 Adventure,1,
File System代写：CMPSC311 Mdadm Linear Device Networking,1,
C++代写：CSC3002 Priority Queue,1,
C代写：CMPSC311 LFU Cache,1,
File System代写：CMPSC311 Mdadm Linear Device Part 2,1,
File System代写：CMPSC311 Mdadm Linear Device,1,
C#代写：PROG2230 Putting Some Pieces Together,1,
Operating System代写：CSE403 A Concurrent KeyValue Store,1,
Security代写：CSC363 Creating a Secure On-Line Service,1,
R代写：STAT605 Large Scale Distributed Computing At CHTC,1,
Web代写：COMP2116 Flight Selectin Website,1,
C#代写：IERG3080 Matching Pairs,1,
Security代写：TIC4303 Stack Overflow,1,
Security代写：TIC4303 Exploring Funcion Pointers,1,
Operating System代写：COMP3032 Heap Allocator,1,
Python代写：COMP9021 Analyse Maze,1,
Python代写：COMP20003 Python Libraries,1,
"PostgreSQL代写：COMP9311 SQL, Views, PLpgSQL, Functions",1,
Network代写：EE450 Socket Programming Project,0,Timeout 30000ms exceeded.
Java代写：CS20007 Classroom,1,
AI代写：CS440 HMM POS Tagging,1,
Spark代写：DSCI553 Foundations and Applications of Data Mining,1,
AI代写：CS440 Configuration Space Planning,1,
Operating System代写：COMP2560 Devices as Files,1,
Operating System代写：CS427 Shared Memory,1,
Assembly代写：CIT5930 Assembly IO,1,
Python代写：CS302 CSP Battleship,1,
Compiler代写：CS72399 VMTranslator,1,
Python代写：CS420 WSNn Project,1,
CS代写：CS4246 Theoretical,1,
Java代写：INFO1113 Gameplay,1,
OpenMP代写：FIT3143 Seismic Readings For Earthquake Detection In A Distributed Wireless Sensor Network,1,
Haskell代写：FIT2102 Lambda Calculus Parser,1,
Java代写：CS4672 Lexical Analysis,1,
Python代写：CS7034 Frieze,1,
Python代写：CSC148 A Treemap Visualiser,1,
Network代写：CS332 Bulletin Board Server,1,
OS代写：CS213 Writing A Dynamic Storage Allocator,1,
Java代写：CSE565 Analyzing Code Coverage,1,
Java代写：CPT204 Union Find,1,
AWS代写：SIT323 AWS Cloud System,1,
Python代写：COMP414 Polynomial,1,
JavaScript代写：CSE270 Julia Sets,1,
SQL代写：CS420 Query Optimization,1,
C++代写：CS3251 Traversal Application,1,
C代写：CS444 bsh,1,
SQL代写：CS4110 DM Data,1,
NodeJS代写：COMP3322B News Feed Application,1,
Python代写：COMP4173 Randomized Response,1,
Data Mining代写：CSE572 Extracting Time Series,1,
Python代写：SENG265 Process Cal2,1,
Java代写：EECS3311 Three Musketeers,1,
Network代写：EE450 Socket Programming Project,1,
Algo代写：CMPT 454 B+ Tree,1,
Python代写：CSCI4145 Docker Assignment,1,
OS代写：CSC369 Cooperative User Level Threads,1,
SQL代写：CSE6242 End to end analysis,1,
Security代写：CS6262 Introduction to Penetration Testing,1,
Algo代写：CS3785 Boruvka's Algorithm,1,
Python代写：COMP9102 COVID-19,1,
PHP代写：CSE383 PHP,1,
Web代写：CSE383 MapQuest,1,
SQL代写：INFO330 Database,1,
Database代写：CSI3530 Symmetric Hash Join,1,
Network代写：CS363 Stop and Wait,1,
Web代写：COMP30231 Service Oriented Architecture Principles,1,
CUDA代写：CS314 Efficient Parallel Graph Matching,1,
C代写：CS136 Encode,1,
C代写：CS136 Max Inventory ADT,1,
C代写：COMP116 2D Array,1,
C代写：COMP116 File IO,1,
C++代写：CS201 Class,1,
AWS代写：CSE383 EC2,1,
C代写：CIT593 Dynamic Memory,1,
Python代写：CSC108H Working With arxiv Metadata,1,
Java代写：CSCU9V5 Distributed Systems,1,
C++代写：CS106 Array,1,
Java代写：CS36379 Ballboy,1,
C++代写：EE450 Socket Programming,1,
Python代写：CSC108 Simulating Canadian Elections,1,
Network代写：CSU33031 Computer NetworksFlow Forwarding,1,
NodeJS代写：CSE2WDC Neverwrote,1,
Python代写：CSC108H Unscramble,1,
Java代写：COMP4012 Corba Based P2P File Sharing Application,1,
Java代写：CS203 Proxy Server,1,
C代写：COMS10016 List And Sketch,1,
OS代写：CS15213 Writing A Caching Web Proxy,1,
MIPS代写：CSC258 Horizontal Scrolling Space,1,
R代写：CS106 R Script,1,
AI代写：CS7638 Warehouse Project,1,
CS代写：CS4007 Activity Led Learning,1,
Java代写：CS6310 Steaming Wars,1,
AI代写：CS6601 3-Snails Isolation,1,
C#代写：COOP2021 Trick-taking Game,1,
Java代写：CAB302 Electronic Asset Trading Platform,1,
C代写：COMP2008 Decoding and Disassembling,1,
C代写：COMP10002 Stemming and Part Of Speech Tagging,1,
C#代写：CAB301 A Software Application for A Tool Library,1,
Python代写：COMP3006 Reliable Data Transmission,1,
Java代写：CSI410 Database System,1,
SQL代写：INFO20003 Phonemon Case Study,1,
C代写：COMP10002 The DUNK Attack,1,
SQL代写：COMP9311 Database,1,
SQL代写：CS9311 MyUNSW System,1,
Python代写：CSCA08 Airports and Routes,1,
Java代写：CIS455 Web Crawling and Stream Processing,1,
Python代写：CMPS2200 Searching Unsorted Lists,1,
Java代写：CS602 Java Servlet,1,
Python代写：CSCI561 Checkers,1,
C++代写：CSCI1200 DVD Preference Lists,1,
Python代写：CSC108H Bridges,1,
C代写：CSE320 Debugging and Fixing,1,
Java代写：CSE510 Database Management System,1,
C++代写：COMP2011 Social Distancing Under Covid 19,1,
C++代写：CSCI1200 Jagged Arrays,1,
C++代写：COMP106 Zoo Tycoon,1,
Java代写：COMP250 Market Place,1,
Python代写：CSE6242 Argo Lite SQLite,1,
AI代写：CS188 Uninformed Search and Heuristics,1,
Network代写：CS741 Exploring the Wi-Fi PHY,1,
CS代写：CS203 Simple Scalar,1,
MIPS代写：CSC258 Doodle Jump,1,
Web代写：ECSE429 Non Functional Testing of Rest API,1,
Machine Learning代写：CSCC11 Classification,1,
C++代写：ELEC362 Linear Regression Application,1,
C++代写：ECS50 Converter,1,
AI代写：COSC2P03 Sliding Number Puzzles,1,
C代写：CS210 Programming Calculator,1,
Network代写：LUIN033 Network Protocol Analyzer,1,
Python代写：CS230 Data Driven Application,1,
Database代写：CS311 Database System,1,
Operating System代写：CS351 Benchmarking Synchronization Mechanisms,1,
Network代写：CS176A Wireshark,1,
Machine Learning代写：BAN7002 Predictin gLoan,1,
Python代写：CSC108H Exploring the Twitterverse,1,
Python代写：COMP1026 Sentiment Analysis,1,
AI代写：CSCI561 Classify Hand Written Digit,1,
Python代写：CS345 Blockchain,1,
Network代写：CNT4713 DNS Lookup,1,
Python代写：CSC108 Rent A Bike,1,
SQL代写：CS9311 MyUNSW,1,
C++代写：CS6650 Rebot Factory,1,
C#代写：CS31927 Simple Text Editor,1,
Security代写：FIT5003 Vulnerabilities and Secure Coding,1,
Operating System代写：COMP3520 Synchronization,1,
Python代写：CS602 Order Summary Matrix,1,
C代写：COMP2401B AES,1,
Security代写：COMP3355 Cyber Security,1,
Operating System代写：CSE330 TCB,1,
Python代写：CSC108 Phrase Puzzler,1,
Java代写：CS144 Warriors,1,
JavaScript代写：CSE6242 Tableau D3 Graphs and Visualization,1,
Python代写：IAE101 Digital Intelligence,1,
C++代写：EECS281 Letterman Reboot,1,
AI代写：BUAN6341 Linear and Logistic Regression,1,
AI代写：CSCI561 3D Mazes,1,
C++代写：CSCI1200 Crossword Checker,1,
Java代写：CS210 Word Search,1,
C代写：COMP20003 K-D Trees,1,
Android代写：CS6300 SDPEncryptor,1,
Java代写：DSA2020 Zombie Simulator,1,
C++代写：CS20 Karatsuba Algorithm,1,
Security代写：CS271 Substitution Cipher,1,
Database代写：INFO90002 Casual Hire Recruitment System,1,
Python代写：CS7638 Problem Set,1,
Python代写：CSE6242 End to end Analysis of TMDb data,1,
Java代写：CS6300 Basic Java Coding And JUnit,1,
Java代写：CS5004 Online Banking and RSA Digital Signatures,1,
C++代写：ENSC251 CPU Simulator,1,
ASP.NET代写：COMP4012 RBTN,1,
Java代写：CS345 Algorithms,1,
Python代写：CSC108Y OOP,1,
Python代写：CCPS109 Problems 9,1,
Python代写：CCPS109 Problems 8,1,
Python代写：CCPS109 Problems 7,1,
Python代写：CCPS109 Problems 6,1,
C++代写：CS122 Searching,1,
SQL代写：CMPT454 Query Optimization,1,
Python代写：CSC108Y Bank Account Management System,1,
Python代写：CCPS109 Problems 5,1,
Python代写：CCPS109 Problems 4,1,
JavaScript代写：CS111981 Housing Virginia,1,
Python代写：CCPS109 Problems 3,1,
AI代写：ICS302 Sudoku,1,
Python代写：CCPS109 Problems 2,1,
Python代写：CCPS109 Problems 1,1,
Python代写：COMP4100 K-Nearest Neighbor For Binary Classification,1,
Python代写：CS457 GA and ACO,1,
Python代写：COMP9162 Visualization Tool,1,
C++代写：COMP1201 Base Convertor,1,
Database代写：NCC32 Database Design and Development,1,
HTML代写：CS6021 Web Visualization Dashboard,1,
Security代写：NCC32 Smith and Jones Auctions,1,
UML代写：NCC32 Analysis Design and Implementation,1,
C++代写：COMP104 Road Trip,1,
C++代写：CMPT130 Binary Arithmetic,1,
C++代写：CS162 File IO,1,
Java代写：ITP265 Accomplishment,1,
CUDA代写：CS475 CUDA Monte Carlo,1,
Java代写：CS112 Expression Evaluation,1,
C++代写：CS162 The Wizard Spellbook Catalog,1,
Operating System代写：CMPT300 IPC and Concurrency,1,
Database代写：CS31253 Database Programming,1,
C++代写：CS208 AVL Tree,1,
Python代写：CS420 Network Internship,1,
Python代写：COMP1011 Tic-Tac-Toe Game System Design,1,
Python代写：CS3134 Raw Data of Camera Sensor,1,
Algorithm代写：COMP26 GA,1,
Operating System代写：CMPT300 Syscalls,1,
C代写：SENG265 Senjhalla,1,
Python代写：COMP26 Hill Climbers,1,
C++代写：COMP301 Smart Pointers,1,
Python代写：CS362 Bayer Pattern,1,
Kaggle代写：FIT5212 Recommender System Challenge,1,
Hadoop代写：CS301110 Applications of Big Data,1,
Operating System代写：COMP0019 Debuggers and Virtual Memory,1,
Java代写：FIT9131 Koala Rescue,1,
C++代写：ICS46 Final Project,1,
Java代写：CMSC132 Tetris Game,1,
UML代写：CS6310 Star Search Simulation System,1,
Database代写：CS6272 PostgreSQL and MongoDB,1,
C++代写：SEHH2042 Additional Assignment,1,
Python代写：CSSE1001 Pokemon Gotta Find Them All,1,
PostgreSQL代写：CS158 Database Design,1,
Python代写：FIT9136 Simulating An Inventory System,1,
R代写：STAT318 Statistical Analysis,1,
Python代写：FIT5047 Plan Path,1,
Java代写：CS61B Gitlet,1,
C代写：IPC144 The Bike Race,1,
Python代写：CSC108H Poetry Forms,1,
MySQL代写：DBS201 HR Application,1,
Java代写：ITP4510 Queues,1,
C#代写：CSIS1175 Grocery Application,1,
Python代写：CSC148H Blocky,1,
C代写：COMP2401 Dispatch Center,1,
C代写：CMPSC473 Channels in C,1,
Database代写：COMP3005 Online Bookstore,1,
Java代写：ITI1121 Symmetries and Iterators,1,
Operating System代写：COMPSCI143A Threads,1,
C代写：CS354 Kernel IPC Services and Process Hijacking,1,
Java代写：CSE11 Maze Game,1,
Assembly代写：CS271 Low Level IO Procedure,1,
HTML代写：CS100 Regina Website,1,
Hardware代写：CSC230 The LCD,1,
C代写：COMP206 Banking System Application,1,
Java代写：CSE274 Bags,1,
C++代写：COMP3027 Soccer Game,1,
C#代写：CS112 Rational Number,1,
Python代写：CP372 Implementing A Simple Reliable Transport Protocol,1,
C++代写：CS4150 Crash Loyal,1,
Java代写：CSIS460 Threaded Web Crawler,1,
C++代写：CMPSC122 Matrix Class,1,
Python代写：DS2000 Written,1,
Java代写：CS207 Ticket Vendor,1,
AI代写：CSCI561 Go Game,1,
Assembly代写：CS204 Assembly Programming,1,
Java代写：CP471 Lexical Analysis and Parsing,1,
Python代写：ITI1120 14 Programming Questions,1,
Bash代写：COMP206 Advanced Bash Scripting,1,
Python代写：ECS32B Battleship,1,
C++代写：MFE2020 Simulate Price,1,
AI代写：CS7638 Mars Glider,1,
C代写：CIS2750 SVG Parser,1,
C代写：COMP9024 Simple Graph Structure Based Search Engine,1,
Python代写：CSC108H Wordlock,1,
AI代写：CS7638 Asteroids,1,
AI代写：CSCI561 Time Traveling,1,
Java代写：COMP2402B A Fast Default List,1,
Android代写：COMPS311 Android App,1,
Java代写：COMPS311 Advanced Java,1,
Operating System代写：CIS657 Virtual Memory System,1,
Java代写：COMP3020 Synchronization,1,
Java代写：CS6300 Encode Utility,1,
Java代写：COMP2011 Quick Sort,1,
Database代写：COMP2404 Accessing SQLite Data,1,
C++代写：COMP3017 Ball Localization,1,
C++代写：COMP3017 Arm Controller,1,
C++代写：CS116A Build A Hierarchical Bipedal Skeleton,1,
Operating System代写：CSC360 FAT File System,1,
C++代写：MTRN2500 Static Shapes and Vehicles,1,
C++代写：CSC418 Raster Images,1,
Java代写：CS540 Neural Networks,1,
Machine Learning代写：COMPSCI226 Gradient Boosting Algorithm,1,
Python代写：CS120 Social Networks,1,
C++代写：CS104 The Left Center Right Game,1,
Python代写：COMP219 Train Deep Learning Agents,1,
JavaScript代写：CS337 FHIR,1,
Python代写：CS3176 SRI Model,1,
OpenMPI代写：CMSC433 Game of Life MPI Implementation,1,
C代写：CS3821 Final Project,1,
Java代写：CS350 Debugging,1,
C代写：CS111181 Cignal,1,
C++代写：CS5005 Sorting Algorithms,1,
C代写：IERG3080 WPF,1,
Python代写：CS106 XML and Text Comparison,1,
C代写：COMP3500 System Calls And Processes,1,
Python代写：CSC108H Social Network,1,
AI代写：CS561 PipeApe Pharmacy,1,
Python代写：CSE107 Contact,1,
Python代写：CS1110 Images,1,
Python代写：UFCFW4302 Design and Analysis Data Structure,1,
Database代写：CS352 A Miniature Relational Database,1,
Java代写：CS416 Location based Strategy Game Part 2,1,
Java代写：CS416 Location based Strategy Game Part 1,1,
Python代写：CS411 AVL Trees,1,
OpenGL代写：CSCI2270 Rasterization,1,
Java代写：COMPS311 Lambdas and Streams,1,
Machine Learning代写：CS418 Kernel PCA,1,
Python代写：CPSC231 Charting Expressions,1,
Python代写：CSC108H Elevation Map Analysis,1,
Python代写：ECE326 Optimal Strategy Calculator,1,
Python代写：FNCE30012 Foundations of Fintech,1,
C代写：CS462 Optimize for Memory Hierarchy,1,
Security代写：COMS3000 Auric Enterprises Threat and Vulnerability Analysis,1,
C++代写：SIT255 Agent based Game,1,
Python代写：CSC120 Simple Class,1,
Python代写：CSCI561 Halma,1,
Python代写：CSC108H Tweet Analyser,1,
Python代写：COMP0037 Path Planning in a Known World,1,
AI代写：COMP424 Language Generation,1,
C代写：CS391CS558 Buffer Overflow,1,
SQL代写：CS4491 Spatial Analysis,1,
Java代写：FIT9131 21 With Primes,1,
Java代写：SWEN20003 Shadow Bounce,1,
C++代写：ECE0301 Circuit,1,
AI代写：CSCI561 Path Planning,1,
Python代写：MCD4710 Minesweeper Part2,1,
Python代写：MCD4710 Minesweeper,1,
Java代写：CSE214 Hiring System,1,
Operating System代写：CIS3110 Making Your Own Shell,1,
Java代写：CS2212B Simple Publish Subscribe System,1,
OpenGL代写：COMP4610 OpenGL Problems,1,
JavaScript代写：CS546 Asynchronous Programming,1,
Database代写：FINA4359 Creating and Designing Databases,1,
C代写：CS316 Performance Program,1,
C代写：CS5007 Dijkstra,1,
Java代写：CS5004 Priority Queue,1,
C代写：ICS53 Shell,1,
C++代写：CSE20068 Graphics Performance Optimisation Using VBOs,1,
C++代写：STAT40780 Data Programming,1,
C++代写：CSI3350 IMP1,1,
JavaScript代写：COMP2041 Seddit,1,
Python代写：CSCI4144 ETL and OLAP,1,
Database代写：CSI508 Storage Manager,1,
C++代写：CSE287 Tracing Rays and Finding Intersections,1,
Operating System代写：CS354 Kernel Instrumentation and Fair Scheduling,1,
C代写：CS268 Hamiltonian Cycle Problem,1,
Python代写：COM000051 Closures,1,
Java代写：CPSC210 Json App,1,
Python代写：INFO3012 Forecasting of Sales,1,
Python代写：CS113 Recursive and Time,1,
Java代写：CS412 Chat Application,1,
C代写：CS354 Enhancing Kernel IPC Services,1,
JavaScript代写：CS310 JavaScript Object,1,
Java代写：COMP10062 Foon,1,
C代写：CS5007 Indexing Files,1,
C++代写：COMPSCI 2ME3 Forty Thieves,1,
C代写：COMP1220 Photoshop,1,
C代写：CSCI3120 Multithread,1,
Java代写：CSCI3136 Recursive Descent Parser,1,
Python代写：CS3124 Sudoku,1,
Java代写：COMS228 Prime Factor List,1,
Java代写：FIT5171 Test A Web Application,1,
HTML代写：CMPT165 Incorporating CSS and Color,1,
C++代写：CIS22A Book ISBN Processing,1,
Java代写：COMP10062 Deck of Cards,1,
C代写：CS313 Ext2 File System,1,
C++代写：CPSC441 Jumping Bozons,1,
Operating System代写：CPSC415 Device Driver,1,
C代写：SENG265 Calprint,1,
Database代写：CMPT454 Buffer Pool,1,
Operating System代写：CSCE451 Implementation of Monitor,1,
Java代写：COMP282 Shortest Path,1,
C代写：CS5007 Multi-Threading,1,
Python代写：CSC108H Admissions System,1,
Compiler代写：COMP2932 Compiler Project,1,
Java代写：CE01 TwoUp Game,1,
HTML代写：CS117 WebService,1,
Python代写：COMP90059 Crime Statistics,1,
JavaScript代写：BCPR280 Linear Regression Analysis,1,
Java代写：COIT11134 Dynamic Data Structure and File Processing,1,
Python代写：PA371 Guido's Grocery Database,1,
Java代写：CMSC131 Password Checker and Generator,1,
AI代写：COM1005 Rule Net,1,
C++代写：AST21105 Camping Equipment System,1,
Hardware代写：EE28622 Arduino Program,1,
Hardware代写：EE28622 Mastery Checklist,1,
Java代写：FIT9131 Grand Prix,1,
Java代写：CS245 Six Degrees of Kevin Bacon,1,
C++代写：CS4027 Four Questions,1,
Machine Learning代写：CS536 Data Completion and Interpolation,1,
Python代写：INFO1110 Dungeon Crawl,1,
C++代写：ECE104 Jump Game,1,
ASP.NET代写：A290 Own Website,1,
Database代写：CS158 Triggers Procedures Functions,1,
C++代写：CS362 CGI Program,1,
Database代写：COSI127 Optimizer and Execution Engine,1,
C++代写：CIS657 Nachos,1,
Python代写：COMP1501 Text-based Adventure Game,1,
R代写：TBA2104 Predictive Analytics,1,
Security代写：CS4000 Hacking Salted Passwords with MPI,1,
HTML代写：COMP330 SES Helicopter,1,
Java代写：INFO214 Flight,1,
Java代写：COMP1020 Space Invaders,1,
Other代写：CS3028 Document Management System,1,
Java代写：INFS2605 Health Tracking System,1,
C++代写：ECE463 Tomasulo Algorithm,1,
Other代写：CSCI383 Theory of Computation,1,
Java代写：COEN352 Random Sort,1,
Database代写：COSC2406 Creating Derby and MongoDB Databases,1,
Python代写：ECE421 Unsupervised Learning and Probabilistic Models,1,
C++代写：CS220 CTree,1,
Java代写：COMP605 Java Practice,1,
JavaScript代写：CAB230 Cirme Statistics Web Application,1,
C代写：COMP9001 Sequential Data,1,
Compiler代写：COMP141 Interpreter,1,
Machine Learning代写：BUAN6341 Machine Learning Problem,1,
Java代写：CS316 Interpreter,1,
Java代写：COMP90015 Security And UDP,1,
ASP.NET代写：CS317 e-commerce Website,1,
SQL代写：CS420 DBFlight,1,
C代写：CS1713 Linked Lists Using Pointers,1,
Web代写：COMP3322A Modern Technologies on World Wide Web,1,
Database代写：CS313 Information Retrieval System,1,
Java代写：CS3016 Mobile Analytics,1,
C++代写：ENGO333 Plane Extraction from 3D Point Clouds,1,
Python代写：CDT336 Single Neuron Model,1,
Java代写：CCS1PPA World of Zuul,1,
Operating System代写：CS3086 Gnuplot,1,
C代写：CS2106 USFAT File System,1,
Java代写：CS61B Maze Solver,1,
Python代写：CS428 Breaking the unbreakable Code,1,
Python代写：CSCI141 Gregorian Calendar,1,
C++代写：CPSC131 Concordance,1,
Java代写：CSE201 Mancala,1,
Database代写：MIS6326 Data Management,1,
C++代写：CMPSC121 Structs,1,
SQL代写：CS3014 Google Analytics Customer Revenue,1,
C++代写：BA272 Item Sold Calculator,1,
C代写：CS103 Place Lists,1,
UML代写：INM312 BalanceBit Software,1,
Java代写：COSI131 Tunnels,1,
Java代写：MINS325 FileReader and FileWriter,1,
Java代写：CS12B Edit Distance,1,
C++代写：CS2250 Delimiter Matching,1,
C++代写：CMPSC121 Lion Path,1,
C++代写：CSCI111 Employee,1,
Java代写：CSCI571 Event Search Android App,1,
Java代写：CS106 Real Molecular,1,
Python代写：CS4006 Adaboost Classifiers,1,
Python代写：CS4006 Support Vector Machine Classifiers,1,
Security代写：ECE498 Attacks on RSA,1,
C代写：ECE175 Go Fish,1,
"Java代写：COMP303 Composite, Decorator, Iterator, Singleton",1,
Java代写：CS326 Shortest Path Problems,1,
Python代写：CS104 Guess Game,1,
R代写：CS4654 Data Analytics and Machine Learning,1,
Security代写：CS6035 Web Security,1,
Java代写：COMP303 MVC,1,
Java代写：COMP303 Strategy and Template Method,1,
Python代写：CS301 Plotting,1,
Python代写：CS301 Database Queries,1,
Python代写：CS301 Web Scraping,1,
Python代写：CPSC111 ISBN Validator,1,
C代写：CS449 Multi User RPG,1,
Python代写：COMP1405 Lists Strings and Dictionaries,1,
Java代写：COMP3015 WeShare Application,1,
"Python代写：COMP1405 Files, Functions, and Lists",1,
MongoDB代写：BUAN6320 MongoDB Project,1,
JavaScript代写：COMP307 Principles of Web Development,1,
Python代写：BIOL7200 Estimating Genomic Distances Using The Approximate Jaccard,1,
PHP代写：BI5675 Database Degign,1,
AI代写：CS213 Tie-Tac-Toe,1,
Java代写：CS22 Video Game Inventory,1,
C代写：EE214 Basic GPIO and Interrupts,1,
Java代写：SYSC2004 Flashcards,1,
C++代写：MCD4720 Text Advanture,1,
Database代写：CIS3530 UofG,1,
C代写：CS3012 Translate Assembly Language,1,
Python代写：CSCA08 Earth's Surface,1,
C代写：SENG265 MTF and RLE,1,
Java代写：COMP202 Countdown Days,1,
Python代写：SENG265 Formatter,1,
Operating System代写：CMPT201 Memory Manager Module,1,
C#代写：CS3028 Phone Organiser,1,
OpenGL代写：CCSI3161 Planets,1,
JavaScript代写：COMP2863 How Web Sites Work,1,
C代写：CS444 Morse Code Blinky,1,
Python代写：CPS109 Where's Waldo,1,
Python代写：SENG265 Sengfmt,1,
Data Mining代写：COMP4331 Data Mining,1,
AI代写：CMPT317 N-Queens Problem,1,
Java代写：CSCI2110 Huffman Coding,1,
C++代写：CS6206 3D Scene Editor,1,
C代写：ENGGEN131 Mining Part2,1,
C代写：ENGGEN131 Mining Part1,1,
C++代写：COMP3023 Peer to Peer Chat,1,
JSP代写：COMP31 Login Sequence,1,
Operating System代写：COMP1521 Virtual Memory Simulator,1,
Operating System代写：CITS2002 Shell,1,
MIPS代写：CMPE13 Decimal Converter,1,
Java代写：CSC110 Arrays,1,
Java代写：CS12J Round Robin Lineup,1,
Database代写：FIT2094 Databases,1,
Java代写：CS313 Circular Linked List,1,
Database代写：CITS1402 RDBMS Project,1,
C++代写：CSCI1300 Measuring DNA Similarity,1,
Python代写：CSSE1001 Dots & Co,1,
Java代写：CS456 Reliable Data Transfer,1,
Other代写：COMP255 Requirements Elicitation and Specification Part2,1,
Other代写：COMP255 Requirements Elicitation and Specification Part1,1,
Python代写：BARN4520 Sorted List Array,1,
C代写：COMP1511 Final Card Down,1,
Python代写：FIT9133 Analysing Cards,1,
C代写：CIS3210 TCP Server,1,
Java代写：CS2024 MineSweeper,1,
Java代写：CS12 Chemical Compound Molar Mass,1,
Python代写：CS104 Math Test Application,1,
Python代写：CPSC231 Chasing Alice,1,
Python代写：CS159 The Hospital Simulation,1,
Machine Learning代写：COMP4262 Classifying Images,1,
R代写：SDS192 Data Wrangling,1,
Python代写：CSCA08 DNA Sequencing,1,
Python代写：CMPUT201 Parse Instance,1,
C++代写：COMS204 Enterprise 2D,1,
Java代写：CS3026 Travel Maps,1,
Java代写：INFO1105 Linked Binary Tree,1,
Python代写：COMPSCI220 Graph Converter,1,
Python代写：FIT1008 Hash Table,1,
Operating System代写：CS164 Malloc,1,
C代写：COMP10002 Path Planning,1,
JavaScript代写：CS3047 Angular,1,
Java代写：CS300581 Shareholder,1,
Other代写：CSC3323 Software Verification Technology,1,
Python代写：CS6476 Traffic Signs and Lights,1,
Java代写：CS186 B+ Trees,1,
Java代写：INFO3406 Data Analytics,1,
OpenGL代写：ENG1305 Simulation of Gravitational Interactions,1,
C++代写：CS124 Data Manipulation,1,
Python代写：CS110 2D Grid Algorithms,1,
C++代写：ECE3574 MIDI Player,1,
Java代写：CS2360 Print a Butterfly,1,
Java代写：CS2360 Pattern Matching with a Wild Card,1,
Security代写：COP514 Implementation of a Symmetric Block Cipher,1,
Python代写：CS110 Cipher,1,
Java代写：CS1073 Robot,1,
Python代写：CS110 Loops,1,
Java代写：CS2003 Othello,1,
Python代写：CS4300 Keeping Up With Social,1,
Java代写：CS142 Contest,1,
C代写：CMSC414 Buffer Overflows Part2,1,
C代写：CMSC414 Buffer Overflows Part1,1,
Scala代写：CSE262 Table Driven Scanner,1,
PHP代写：BIOM9450 Web-based Medication Management System,1,
Operating System代写：CS354 Process Scheduling,1,
Java代写：COMS417 Software Testing,1,
Java代写：CS3060 Io Day,1,
Machine Learning代写：CS316 Logistic Regression,1,
C代写：CS117 Comments,1,
Java代写：IAPP001 PayDay GUI,1,
Java代写：SWEN20003 Shadow Blocks,1,
C代写：CS363 SQL Parser,1,
Operating System代写：COP4600 A Shared Protected Circular Queue and Communication Between Threads,1,
C++代写：COMP204 List,1,
Java代写：INFO1105 Submission History,1,
C++代写：CSCI104 String Expression,1,
C代写：COMS327 Path Finding,1,
Security代写：CSE231 Dumbcrypt,1,
Python代写：CS2003 Bears and Fish,1,
Java代写：COSC2P05 Niagara Real Estate Company,1,
Operating System代写：CS6828 XV6 Hello World,1,
Hadoop代写：CS4008 Instagram Micro,1,
Java代写：CS403 Lloyd's Algorithm,1,
Python代写：CS1210 Handling Strings,1,
JavaScript代写：COMP431 JavaScript Game,1,
Java代写：ECTE331 Implement Simplified DES,1,
Python代写：CSCI561 Zookeeper,1,
Python代写：CSC148 Basic Object Oriented Programming,1,
C++代写：CPSC221 C++ Problems,1,
Database代写：CS5915 Database Design,1,
C++代写：ECE3574 Music Synthesizer,1,
C代写：ECE2534 GPIO,1,
Java代写：COSC1284 Ticketing System,1,
MIPS代写：CSE320 MIPS Translate,1,
C代写：COMP10002 Text Query,1,
Java代写：COMP2503 To Do List Program,1,
C代写：CS104 Bitmap Files,1,
Java代写：CT310 Intelligent Agents,1,
Python代写：CSCA08 Word Search,1,
Java代写：CIS455 Web and Application Server,1,
Java代写：CS142 Rock Paper Scissors,1,
Java代写：CST8277 Multithreading,1,
C代写：CS441 Reliably File Transfer,1,
C++代写：C201 Search File,1,
HTML代写：CMPT165 Small Web Site,1,
C++代写：CS270 MyString,1,
Python代写：CS1110 Functions,1,
Java代写：PSA4 Modifying Pictures,1,
Other代写：CSCI2110 Algorithm Complexity,1,
OpenMP代写：CS4000 Counting Satisfying Assignments,1,
Java代写：CS401 Java Code Coffee Shop Program,1,
C++代写：CSE232 Juggler Sequence,1,
Operating System代写：CS56654 Memory Allocation,1,
Python代写：CSCI561 AI Game,1,
Python代写：COMP104 Treasure,1,
C代写：COMP112 Strings and Recursion,1,
C++代写：CS132 Shall We Play A Game,1,
C代写：COMS327 Dungeon Generation,1,
Python代写：CIS306 Time Series Problem,1,
C代写：COMS327 Dungeon LoadSave,1,
Java代写：CMPS12B Binary Search and Merge Sort Algorithm,1,
Java代写：CSCI2110 Analyzing Data from a Road Traffic Meter,1,
Database代写：CS3307 Books For Everyone,1,
Java代写：CSF002B Cards and Hands,1,
Java代写：ITECH1000 Championship,1,
MIPS代写：CS67769 Simmips,1,
Java代写：CS62 Blackjack,1,
C代写：CIS2750 GEDCOM Parser,1,
Java代写：CMPS12B Recursive Algorithms,1,
HTML代写：MIRA010101 Fix Mistakes,1,
JavaScript代写：MCD4290 Surveying App,1,
R代写：PPHA311 Problem Set,1,
Python代写：CIS41 Scores,1,
Python代写：CS4157 Evolutionary Algorithms,1,
Python代写：CS104 Noughts and Crosses,1,
Java代写：COM6516 Sudoku Puzzles,1,
Hadoop代写：CSC555 Mining Big Data 2,1,
Hadoop代写：CSC555 Mining Big Data,1,
Linux代写：INFO1181 Practical,1,
Python代写：COMP329 Dialogue System,1,
C代写：CITS2002 Wifistats,1,
Java代写：CS103 Car Rental,1,
Python代写：CSC108H Phrase Pullzer,1,
Java代写：CMPS261 ListAPI,1,
Java代写：COMS228 Sorting Points in the Plane,1,
C++代写：MTRN2500 Ground Vehicle Simulator,1,
Database代写：FNDS015 A-TECH,1,
JavaScript代写：CPSC1045 Evaluate Complex Expressions,1,
C代写：CIS2750 LinkedList,1,
C代写：ENGR30003 Numerical Programming for Engineers,1,
C代写：CIS2750 iCalendar Files Parser,1,
JavaScript代写：CAB432 Cloud Computing MashupDocker,1,
C代写：COMP10002 Arrays and Structures,1,
C代写：CS202 VM,1,
Python代写：COMPSCI101 Stuck in the Mud,1,
C代写：COMP10002 Text Search,1,
JavaScript代写：SIT120 Introduction to Mobile App Design,1,
Java代写：COMP206 Graph Traversal and Dijkstra's Algorithm,1,
"Java代写：CS201 Hash Table, Hash Function Comparison and Optional BST in C",1,
C++代写：CS322 Maze Game,1,
Java代写：CS9223 Programming for Big Data,1,
Python代写：COMP1011 Programming For The Web,1,
Security代写：COMP3446 Intelligent Access Control Security,1,
Python代写：FIT1043 Visualising Airport Traffic,1,
C#代写：SIT323 Crozzle Validation and Display,1,
PostgreSQL代写：COMP9311 PostgreSQL Relational Schema,1,
Java代写：FIT1012 Binary Tree Printing,1,
Java代写：CS313 Zombiquarium,1,
C++代写：ICS214 Iceman Part5,1,
C++代写：ICS214 Iceman Part4,1,
C++代写：ICS214 Iceman Part3,1,
C++代写：ICS214 Iceman Part2,1,
C++代写：ICS214 Iceman Part1,1,
C代写：COMPSCI340 Making Threads,1,
C代写：CS352 Makefile,1,
Java代写：CSC207H Simulate An Electric Train,1,
"Java代写：CS206 Stacks, Queues, and Binary Search Trees with Duplicates",1,
Java代写：CSCI112 Connect4,1,
C++代写：INFO1156 Text To Html,1,
Java代写：CS134 Tutor Scheduling,1,
Java代写：CS142 Name Sorter,1,
Java代写：CS143 Circular Doubly Linked List,1,
Java代写：CS142 Word Jumbler,1,
C代写：CS226 Data Compress,1,
Python代写：CS148 Warehouse Wars,1,
Python代写：CSC148 Redbeard Treasure Hunt Game,1,
C++代写：COT4400 Sorting Challenge Project,1,
Web代写：ISYS637 Advanced Application Development,1,
C++代写：ITP4704 Mancala,1,
C代写：CSI3131 ProcessThread Creation and Inter-process Communication,1,
JavaScript代写：CSE154 Pokedex,1,
Java代写：COMP3036 Video Game,1,
C++代写：COMP3006 Sniper,1,
Java代写：COMP3006 Runner,1,
Java代写：COMP224 Wearables Indexing,1,
Java代写：CS106 Battleship,1,
Python代写：COMP10001 Phased Out,1,
JavaScript代写：ENG1003 Run Challenge App,1,
Python代写：CS3024 Battleship,1,
C++代写：CS217 Union Find,1,
C代写：CSCI4061 Image Server,1,
C代写：COMP30023 Hashcash Mining,1,
Java代写：CS335 Snake  Magneto,1,
Java代写：COMP9103 Health Club Membership Management System,1,
Python代写：CSSE1001 LoLo,1,
C代写：COMP1511 Trader Bot,1,
C++代写：COMP4300 Shared Memory Parallel Algorithm,1,
Java代写：CS306 Trivial File Transfer Protocol,1,
Python代写：FIT1045 FIFA World Cup Statistics,1,
Python代写：COMP9021 Polygons,1,
Python代写：CS440 Decision Making Under Uncertainty and Learning,1,
C代写：COMP20005 Path Planning,1,
C代写：COMP20005 Sequentially Process a File,1,
Java代写：COSC2123 Battleship,1,
C代写：COMP2120 Tree-based drawing program,1,
C++代写：CS2370 Elecrtonic Devices,1,
Network Programming代写：CS456 File Transfer Application,1,
C++代写：CMPSC122 My Array,1,
"C代写：COMP2129 Program Structure, String Functions and Compiler Pipeline in C",1,
C代写：CS312 TCPIP Watchdog Deamon,1,
C代写：CS312 FileCopy with Semaphores and Shared Memory,1,
AI代写：COMP426 Swarm Computing,1,
Java代写：CAB302 Object Oriented Programming and Unit Testing,1,
Spark代写：CS15619 Cloud Computing,1,
C代写：COMP222 Record Manager,1,
C代写：COMP222 Record Manager,1,
Java代写：CS107 Mazedoku,1,
Python代写：CS2301 Seawolf Script,1,
Java代写：CS310 A Latin Dictionary,1,
SQL代写：CSCI370 Performance Tuning of SQL Queries,1,
C++代写：CSCI360 Reinforcement Learning,1,
Java代写：CS313 Bricks Game,1,
C++代写：CSE232 Finite State Machine,1,
C++代写：CS516 Parallelizing Single Source Shortest Path on GPU,1,
C代写：CMSC427 Geometry Processing,1,
C++代写：CS6640 Bézier Patch,1,
C++代写：CS6640 Sphere LOD,1,
Java代写：CSE8A Turtle Shapes and Turtle Fun,1,
Java代写：CS323 Marching Squares,1,
AI代写：CS424 Tic-Tac-Toe,1,
Java代写：CSCI313 Mazes,1,
Machine Learning代写：EE462 Machine Learning for Computer Vision,1,
Java代写：CS228 Maze,1,
C#代写：CS3160 Simple Text Editor,1,
C#代写：CS3160 Regular Expressions,1,
C代写：CS240 IRC Server,1,
Java代写：COMP10062 Encrypted Sentences,1,
Java代写：CSE4100 Text Based Drawing Application,1,
Java代写：ICS3U Summative Project,1,
R代写：IB9CSB Your Data Science Project,1,
Java代写：COMP5556 Code Generation,1,
Java代写：COMS228 Dijkstra's Algorithm for Finding Least-Cost Paths,1,
Java代写：IS4415 Clinic Appointments System,1,
Operating System代写：CS4118 Sleeping Barber Problem,1,
C++代写：CPSC5042 Multithreaded Programming,1,
R代写：FE590 R Programming,1,
Java代写：COMS228 Explore Documentation,1,
Python代写：CS4640 RC4,1,
C代写：CS3305 Operating Systems,1,
Operating System代写：COMP2432 Assembly Line Scheduler,1,
Java代写：CE152 Exercises,1,
Java代写：CAB302 Test Driven Development,1,
C代写：COMP2129 Atoms,1,
C代写：CS414 Mutex,1,
R代写：STA248 Problems,1,
C代写：KIT318 Parallel Matrix Multiply,1,
C代写：COMP1511 CAPTCHA Cracking,1,
SQL代写：CSC455 Database Processing for Large Scale Analytics,1,
SQL代写：INFO90002 SQL Statements,1,
C++代写：CST8233 Linear Regression of CO2 Data,1,
C代写：CS109 Left Right and Center,1,
C代写：CS109 A Little Light Number Theory,1,
C代写：CS109 Sorting,1,
Python代写：FIT1008 ADT,1,
Java代写：FIT4039 Portfolio Exercises,1,
Hadoop代写：CA618 Map Reduce,1,
C++代写：CMPSC122 Set and SDLL,1,
AI代写：CS3024 Decision Trees,1,
Java代写：COMP2230 Hashing,1,
Kernel代写：COMS20001 Kernel Development,1,
C代写：CMPSC355 Simple Web Server,1,
C代写：CMPSC355 Explore A Big File,1,
Java代写：SE701 Elastic Search,1,
C代写：CS106 Problems,1,
NodeJS代写：CS4430 Backend,1,
Compiler代写：CS327 Interpreter,1,
OpenGL代写：CS9128 Textures,1,
C#代写：CS3160 Tic-Tac-Toe,1,
Java代写：COMP110 Merge and Money,1,
Java代写：COMP1010 Labelled Dots,1,
C代写：CS162 Short,1,
C代写：ICS53 ClientServer Address Book,1,
Java代写：CS603 Gumdrop Machine,1,
Java代写：CS1017 HangMan,1,
Python代写：CSCI1100 Loops and Lists,1,
PostgreSQL代写：COMP2402 NBA Statistics,1,
HTML代写：CS219 Developing the Course Site Generator App,1,
Python代写：CS6001 Module,1,
C代写：CS10190 Permutation Cipher,1,
C代写：CS240 Pointer to Functions,1,
C++代写：CS252 Implement FCFS Error-Checking ReadWrite Lock,1,
Java代写：COMP2396 Inheritance and Polymorphism,1,
Java代写：COMP182 Making A Stack and A Queue,1,
Java代写：CS2510 Forbidden Island,1,
JSP代写：CS3014 Basic Web Application,1,
Java代写：CMPT361 Render Components,1,
Python代写：COMP130 Word-sequence Analysis,1,
Java代写：CMPT361 Polygon Drawer,1,
Java代写：ECS629 ID3,1,
Python代写：COMP3308 The 3-Digit Puzzle,1,
C代写：CS206 Sorting Algorithm and Complexities,1,
Python代写：ISYS1078 Indexing,1,
Python代写：CS414 Scalica,1,
Python代写：CS412 Classification Framework,1,
Web代写：SI506 Rest API Websites,1,
Java代写：CS2360 Pattern Matching,1,
C++代写：CS417 File System,1,
Java代写：CSCI1101 Airline Booking System,1,
C代写：CS350 Execv,1,
C代写：CST8233 Floating Point Spy,1,
C代写：CS240 Introduction to Points,1,
Assembly代写：CS2036 Towers of Hanoi,1,
Python代写：CS326 Distance Vector Routing,1,
Java代写：CS126 Dodecahedron App,1,
C代写：CS261 Mini ELF Loader,1,
SQL代写：CS605 Creating a Database in SQL,1,
OpenGL代写：COMP330 Ocean Fighter,1,
C++代写：CSI352 wsh,1,
Java代写：CS106 Sequence Alignment,1,
Java代写：CS4103 Verification Condition Generator,1,
Java代写：CSC460 Dynamic Hashing,1,
Python代写：CS614 Data Cleaning and Record Linkage,1,
Java代写：COMPSCI121 Method,1,
C代写：ECS150 User Level Thread,1,
Java代写：COMS228 An Adaptive List,1,
Python代写：CS588 Block Cipher Modes of Operation,1,
Python代写：CSCA48 Snakes And Ladders,1,
C#代写：CS3160 Personal Calendar,1,
Python代写：CS588 Classical Cryptanalysis and Attacking Cryptographic Hashes,1,
C代写：CS162 Image,1,
C代写：CS162 Crypto,1,
Security代写：CS588 Attacking RSA,1,
C++代写：CICS1600 Math Challenge,1,
C代写：CS240 Linked Lists,1,
R代写：CSC121 Small Assignment,1,
Database代写：CS631 Data Management Systems Design,1,
Python代写：CS106 Writing Functions,1,
Java代写：CSE142 DNA,1,
C代写：CS252 Interpreter for FLIZ,1,
Database代写：CS631 Online Hotel Reservation System,1,
C#代写：CS3160 Fast Food Restaurant,1,
SQL代写：CS631 Online Hotel Reservation System,1,
Java代写：CST8132 Guitar Simulation,1,
Python代写：CSCA48 Simple Recursion,1,
Python代写：CS414 Stack Overflow,1,
C++代写：EECS268 Cities,1,
Python代写：CSCA48 Tree Traversal,1,
Security代写：CS112 Simplified Solitaire Encryption,1,
C代写：CS261 Mini-ELF Verifier,1,
Java代写：COMP410 Priority Queue  Binary Heap Implementation,1,
Java代写：CMSC131 Flags of the World,1,
HTML代写：BN107 Audio and Video Editing and Website Creation,1,
Data Structure代写：CSCA48 BST,1,
"Java代写：CS2510 Function objects, generics, and design practice",1,
Java代写：CS104 Drawing Fish and Pond,1,
HTML代写：COMP125 Document Object Model,1,
Java代写：CS104 Drawing and Animating A Fish,1,
C++代写：CSCI2270 Communication Between Towers,1,
Database代写：CS1032 Database Design,1,
AI代写：CISC352 Boolean Satisfiability,1,
C++代写：CS214 A Parameterized Vector Class and the Gram-Schmidt Process,1,
Java代写：COMS228 Sorting and Searching,1,
Python代写：CSCA08 Crossword Puzzles,1,
Operating System代写：COMP3361 Logical Memory,1,
C代写：CIS3490 Convex Hull,1,
AI代写：CSC384 Search,1,
Python代写：CS116 Four Question,1,
C++代写：CS246 Streaming and Memory Management,1,
C代写：CS350 System Calls,1,
Java代写：CS350 Simulation,1,
Bash代写：COMP206 Bash Programming,1,
CS代写：COMP354 Software Design,1,
Java代写：CS2334 A Simple Newspaper Story Data System,1,
Python代写：MCD4710 Algorithmic Problem Solving,1,
C++代写：CS550 A Simple Napster Style Peer to Peer File Sharing System,1,
AI代写：CS344 Behavior Trees,1,
C#代写：CS3160 Set,1,
C代写：CS162 Hashtag,1,
Operating System代写：CSCI4210 Strings and Memory Allocation in C,1,
C++代写：CS1 Practice Basic C++,1,
R代写：CSC424 R Project,1,
JavaScript代写：CS3300 JavaScript Program,1,
C++代写：CSCI1200 Airline Seating,1,
Python代写：CSCA48 Banana Verify,1,
R代写：PSTAT131 Image Processing,1,
Python代写：CSCA48 The Banana Game,1,
C代写：CS616 Complier,1,
PHP代写：ICS3 Performance Task - Estimating Using Newton's Method,1,
Java代写：CS351 Word Path Using A Star,1,
Java代写：BN108 MITnnnnnGuess,1,
Python代写：CS521 Mad Libs,1,
C++代写：CS349 Drawing and Event-driven Programming with Xlib,1,
Java代写：BN108 Programming for Networking,1,
Java代写：CS214 Control Flow Graph,1,
Operating System代写：CSC369 Hijacking System Calls and Monitoring Processes,1,
Java代写：ISOM3320 Object-Oriented Programming,1,
Java代写：ISOM3320 Student Record,1,
C代写：CS482 K-mer Frequency,1,
C代写：COMP2401 Number Representation,1,
Python代写：ANLY550 Arithmetic Problem,1,
Operating System代写：COMP3361 Simple Operating System,1,
Java代写：CSCI1101 Simple Robot Game,1,
Java代写：CS214 Bank Queue Simulation,1,
Java代写：CS2230 Build a Spellchecker,1,
C代写：CS213 Writing a Caching Web Proxy,1,
Python代写：CS148 Tour of Anne Hoy Game,1,
Python代写：CPSC420 Voronoi Diagram,1,
"Java代写：CS3100 Shapes, Shapes, so many Shapes",1,
C++代写：CSE232 DisjointSet,1,
OpenMP代写：CS314 OpenMP Parallel Programming,1,
Java代写：ITM311 ATM Machine,1,
Java代写：CSE214 Movie Manager,1,
C代写：CSE320 ARM microprocessor,1,
Python代写：CS1210 Educational Data,1,
C++代写：CS125 The Movie Rating App,1,
C++代写：ECE4122 Mandelbrot,1,
Java代写：CS112 Hash Functions and Separate Chaining,1,
"Java代写：CS112 Exception - Creating, Throwing, Catching",1,
Python代写：CS1110 Decoding Data,1,
Java代写：CS114 Object Oriented Concepts,1,
Python代写：CS10 OOP,1,
C代写：CSE320 Multithreading,1,
C++代写：CIT120 GPA Calculator,1,
Python代写：CSCI1310 How Do You Feel On Twitter,1,
"C代写：CMPSC101 Rock, Paper, Scissors Game",1,
Python代写：DE2 Software Information System,1,
Java代写：CS1070 Game of Life,1,
Java代写：CS112 Analytical Problems,1,
Java代写：CS115 Candidate Information Program,1,
Python代写：COMP10001 Finding Primes,1,
Python代写：CEGEG082 Point in Polygon,1,
JavaFX代写：CS328 Buzzword,1,
Machine Learning代写：CS367 SVM VS Adaboost,1,
Java代写：CSC2023 Truck Loading Problem,1,
Java代写：CSCI2110 Review of Hashing,1,
C++代写：CSCI1200 Word Frequency Maps,1,
Java代写：COMSC201 The 20 Questions Guessing Game,1,
Java代写：CS110 A Reminder App based on Objects,1,
Machine Learning代写：Algorithm Design,1,
Python代写：CS314 Galaxy Trek,1,
Java代写：CS650 Practical Cryptographic Systems,1,
C++代写：CS1037 Simulation of An Uno Game,1,
Java代写：CSC230 Linked List,1,
Python代写：COMPG004 Market Risk Measures and Portfolio Theory,1,
Operating System代写：CSCI3150 LRU Paging Algorithm,1,
C代写：EEE101 Wheel and Table,1,
Python代写：CSI101 Student Management System,1,
Java代写：CSCI1301 Black Jack Game,1,
JavaScript代写：STAT7008 Election Campaign System,1,
Operating System代写：CS281 Development of Nonlocal Jump Functions,1,
Operating System代写：CSE421 Component In Pintos,1,
"Java代写：COMP2140 BST, 2-3 Trees and Heap Sort",1,
Java代写：CSC410 Testing Tools and Techniques,1,
Database代写：CSC343 Conceptual Design,1,
Java代写：CHG4343 Computer-Aided Design in Chemical Engineering,1,
AI代写：CS7631 Knowledge-Based AI,1,
Database代写：CS186 Join Algorithms and Query Optimization,1,
Java代写：CSE8A Let's Make a Class,1,
C++代写：CS27355 Password Security,1,
Java代写：CS425 Simple Chat Application,1,
Python代写：CSE231 Thumb and Pouch Solitaire,1,
C++代写：CS27355 Battleship,1,
C#代写：CIS345 University Registration Application,1,
C++代写：CSE232 Multi-Set,1,
C++代写：RPG155 Auto Building Drawing,1,
Java代写：COMS228 α-Balanced,1,
Java代写：COMS228 Convex Hull,1,
Security代写：CS314 A Caesars Cipher Code Breaker,1,
Java代写：COMP2370 Single Source Shortest Path,1,
C++代写：CS204 A Talent Tree,1,
Java代写：CS29807 Movie Review Sentiment Analysis,1,
C代写：CS3270 Critical Section,1,
Java代写：CS415 Sling Shot,1,
Python代写：CSE101 Pharmacy,1,
Database代写：CS302 My Places,1,
C++代写：CS3270 Deadlock Avoidance,1,
C++代写：CS32 Felina,1,
C++代写：CS32 Linked List of Strings,1,
Python代写：COMP527 Implementing k-NN Classifier,1,
C++代写：CS32 Path Exists,1,
C++代写：CS32 Coinsurer Nag a Ram,1,
JavaFX代写：CSE219 Code Check,1,
Operating System代写：CS4118 Dynamic Storage Allocator,1,
Python代写：CS161 Linked List,1,
C++代写：COMP2150 Movie Database,1,
Java代写：COMP1020 Recursion Problems,1,
Java代写：CS1027 Maze Solver Too,1,
"C代写：CS141 Recursion, Searching, Sorting and Pointers",1,
Python代写：CSE101 Practice with Dictionaries,1,
Java代写：CS1027 Maze Solver,1,
Python代写：CSCA48 Implement of Matrix Class,1,
C++代写：COT4400 Dynamic Programming,1,
JavaScript代写：CIS111 Command Line JavaScript,1,
Python代写：CS114 Order Book,1,
Python代写：CS188 Digit Classification,1,
C++代写：ECS60 Blood Flow Pattern,1,
C++代写：ECS60 Stock Market,1,
Java代写：MIE250 Sparse Matrix Algrbra,1,
Operating System代写：CS321 Maltithreaded Malloc,1,
Java代写：CIT325 Authentification Server,1,
C++代写：ECE244 Binary Search Trees,1,
C++代写：ECE244 A Resistor Network Simulator,1,
C代写：EE312 Little Toy Programming Language,1,
Web代写：CS3014 Responsive Web Design,1,
Operating System代写：CS314 Multi-Threaded Program,1,
Operating System代写：CS314 Parallel Computation,1,
Java代写：CS112 Yet Another Calculator,1,
Java代写：CSE214 Classroom,1,
Java代写：CIT591 Philadelphia Bike Share Data and Jeopardy,1,
Python代写：CS170 Turtle Spiral,1,
Java代写：CS201 Information Retrieval,1,
Java代写：CSE214 Decision Tree Classifier,1,
Hadoop代写：INFR11088 Extreme Computing,1,
Algorithm代写：COMP2370 Midpoint-Pivot Quicksort,1,
PostgreSQL代写：ECS165A FakeU,1,
C代写：CMPS101 Minimum Spanning Tree,1,
Java代写：CS201 Interactive Multimedia Application,1,
Network Programming代写：CS369 FoilMaker Game Client,1,
Java代写：CSC2021 Logging Test,1,
Java代写：CS106 Inventory Application,1,
Security代写：ECE544 Thrustworthy Computing,1,
Python代写：CS1210 Educational Data,1,
Java代写：CS214 Linked List,1,
Operating System代写：CSCI4150 File System Server,1,
Security代写：CS4117 Explore DNS,1,
Python代写：CSCA08 Unit Tests,1,
Python代写：CSCA08 Inheritance,1,
C代写：ENCM339 Allocation of Memory on the Heap,1,
Network Programming代写：EE450 MapReduce Model,1,
C++代写：CSE340 Type Checker,1,
C++代写：CSE332 Multiple Card Games,1,
Security代写：CSCE4550 Bell-LaPadula Rules,1,
Java代写：CSE143X Hangman Game,1,
Python代写：CSC401 ATM Machine,1,
Python代写：CSC401 Recursive,1,
Python代写：CS7106 Speech Synthesiser,1,
Python代写：CS4117 Music Artist Lyrics Model,1,
JavaScript代写：COMP3322 Modern Technologies on World Wide Web,1,
C++代写：CS211 Lexical Analysis,1,
C++代写：CCN2042 Console Drawing Board,1,
Java代写：CST8284 Quiz Master,1,
Network Programming代写：CS459 Simplified Network,1,
Python代写：CSCA08 Encryption Algorithm,1,
Java代写：CS148 Car Configuration Application,1,
C++代写：CS206 Email Handler,1,
Python代写：PSCB57 Own Small Project,1,
Java代写：CSE143X Backus-Naur Form,1,
C++代写：CIS22A Nested Loops,1,
C++代写：CS150 Game of War,1,
C++代写：CS117 Word Separation Problem,1,
Java代写：CS104 Small Software,1,
JavaScript代写：COMP302 AST,1,
Java代写：CS2510 Mazes of Twisty Passages,1,
Operating System代写：CSCI3150 Multi Threading,1,
C++代写：CSE100 Six Degrees of Kevin Bacon,1,
Operating System代写：CSCI3150 Multi Threading,1,
SQL代写：SE3DB3 Relational Algebra and SQL,1,
SQL代写：CS348 College Relation,1,
Java代写：CSI2110 Cluster Analysis or Clustering,1,
Python代写：CS116 TF-IDF,1,
Python代写：CS116 Iteration,1,
Security代写：CS458 RSA,1,
Java代写：COMP250 Trie,1,
Python代写：COM4115 Text Processing,1,
C++代写：CS117 Palindrome,1,
Python代写：CS4512 Treasure Hunt,1,
"C++代写：Program, Algorithms and Data Structures",1,
Java代写：CS1557 Min Heap,1,
Java代写：SWEN20003 Shadow Quest Part2,1,
Java代写：SWEN20003 Shadow Quest Part1,1,
AI代写：CS188 Bayes' Nets,1,
Database代写：CS6083 SQL Problem Set,1,
Security代写：CS4117 Common Vulnerabilities,1,
Operating System代写：CS162 User Programs,1,
Operating System代写：CSE589 Distributed File Sharing System,1,
Operating System代写：CS162 Threads,1,
C代写：CS352 Sorted Linked List,1,
Java代写：COMS228 Double-Sorted List,1,
Java代写：CS228 Sorting Points in the Plane,1,
Java代写：CS1557 My Tunes,1,
Java代写：CS367 Image Packets,1,
JavaFX代写：COMP2140 Running Headline News,1,
Java代写：CSC127 Boundary Fill,1,
Java代写：CSC127 A Maizing,1,
C++代写：ENSC251 Directory Tree,1,
Java代写：CSE11 Puzzle Game,1,
C代写：CMPS101 Graph,1,
C代写：CS354 Memory Allocation,1,
C代写：CS354 Magic Square,1,
Operating System代写：CS611 VM Page Replacement,1,
OpenGL代写：CS680 3D Modeling,1,
JavaScript代写：CS368 Shopping Website,1,
Java代写：MIE250 Gradient-based Polynomial Minimizer,1,
Operating System代写：COMP202 Make A Difference,1,
C代写：EECS65 Segment Intersection Problem,1,
C代写：CS228 Finding Laddergrams,1,
MySQL代写：IAB130 Databases,1,
Python代写：CS1210 Ruba Mazzetto Continued,1,
Java代写：CSE142 Personality Test,1,
Database代写：INFSCI 2710 Relational Algebra,1,
Operating System代写：CSE320 SFISH Shell Part5,1,
Operating System代写：CSE320 SFISH Shell Part4,1,
Operating System代写：CSE320 SFISH Shell Part3,1,
Operating System代写：CSE320 SFISH Shell Part2,1,
Operating System代写：CSE320 SFISH Shell Part1,1,
AI代写：CS440 Sudoku,1,
C++代写：CSCI1113 Strings and Recursion,1,
AI代写：CSCI561 KM-52a,1,
Database代写：CS326 MySQL Scripts,1,
Database代写：CS420 Database Schema,1,
Python代写：CS1210 Ruba Mazzetto,1,
OpenMP代写：CITS3402 Matrix,1,
AI代写：CS5401 Search for General Two Water Jugs Problem,1,
Database代写：CS326 Online Graduate Application,1,
AI代写：CSCI561 Alpha Beta Game,1,
Operating System代写：CS416 Adding Signals to XV6,1,
Java代写：CSE214 Download Scheduler,1,
Java代写：CSE214 JavaScript Formatter,1,
Python代写：COMP550 Tagged Corpora and POS Tagging,1,
Data Mining代写：CS626 Apriori Algorithm,1,
C代写：CMPS101 DFS and SCC,1,
C++代写：FIT1048 Monster Evolution,1,
Python代写：BTE601 Battleship Game,1,
Java代写：CSE143 HTML Manager,1,
C++代写：CS133 Exercises,1,
Java代写：CSE100F Flight Operations Part3,1,
Java代写：CSE100F Flight Operations Part2,1,
Java代写：CSE100F Flight Operations,1,
"Hadoop代写：CSE6232 Hadoop, Spark, Pig and Azure",1,
C++代写：CS104 Rational Problem,1,
Java代写：CS264 Gliding Association,1,
Python代写：CSC401 Index Random and Dictionary,1,
C++代写：CSC2542 Search,1,
Python代写：CS110 Imperative Programming and Conway's Game of Life,1,
Python代写：CS120 Art Show,1,
Java代写：CS367 Pokemon GO,1,
Python代写：COS30018 Electric Car Charge Scheduling System,1,
Python代写：CS413 Market Information,1,
Java代写：CS128 Shark,1,
PostgreSQL代写：COM5725 Hospital System Database and Data Interface Part2,1,
C代写：COMP1921 Text Editor,1,
Java代写：COMP225 Process Manager Scanner,1,
Operating System代写：CMPSC311 Hierarchical RAM Backed Filesystem,1,
AI代写：CMPT310 Artificial Intelligence Survey,1,
Java代写：CSE1100 WordLink,1,
Java代写：CS32555 Star Car Rental,1,
Java代写：INFO1105 Prefix Map,1,
C++代写：COMP3023 Kakuro,1,
Python代写：IFB104 Print Your Own Periodical,1,
Python代写：CPSC217 Climograph,1,
C++代写：CS3350 Postfix Expression Evaluator,1,
Data Mining代写：CS412 Text Mining,1,
Python代写：COMP9021 Solve Logical Puzzles,1,
Python代写：CS316 Large Data Sorting,1,
Java代写：CS112 Grade Distribution,1,
Database代写：CS353 Database Diagram,1,
AI代写：COMP20003 2048 Game,1,
AI代写：CS812 Inventory Management System,1,
Network Programming代写：COMP3331 Link State Routing,1,
Python代写：COMPSCI101 Python Dictionaries,1,
Python代写：COMPSCI101 Python Lists,1,
Java代写：CS180 Repetition,1,
Operating System代写：CS3014 Shell,1,
C++代写：CS246 Email System,1,
C++代写：CS246 Position and Matrix,1,
C代写：COMP10002 Indexed Document Retrieval,1,
Security代写：CS61B The Enigma,1,
Operating System代写：CITS2002 cfind,1,
OpenGL代写：CPSE3710 Cube,1,
AI代写：CS812 Safari Rush Hour,1,
Python代写：CS110 Higher Order Functions,1,
C++代写：CS5201 Quaternion,1,
Data Structure代写：CSC261 AVL Tree,1,
C代写：CS240 Number Conversion and Bit Manipulation,1,
C++代写：CS1510 Data Structures,1,
C++代写：CSCE310 Analytical Problems,1,
C#代写：Two Equivalent Programs,1,
Security代写：CS330 Password Selection and Cracking,1,
Hadoop代写：ANLY502 Learning MapReduce,1,
C代写：COMPSCI210 LC-3 Assembly,1,
PHP代写：CS242 Adding Threaded Comments,1,
C#代写：CIS345 Hair Salon,1,
Python代写：CS1591 The Camel Game,1,
PostgreSQL代写：COMP2400 Relational Databases,1,
Java代写：SER222 Implementing An Abstract Data Type,1,
Python代写：COMP1001 Data Visualization,1,
C++代写：CS347 Algorithm,1,
Java代写：CS3110 EXPR Checker,1,
Security代写：CSE543 EncryptionDecryption Fundamentals Programming,1,
Java代写：SWEN20003 Graphical Game Engine,1,
MongoDB代写：COMP5338 Advanced Data Models,1,
Operating System代写：CS352 Dynamic Memory Allocation,1,
Operating System代写：CS3270 Process,1,
AI代写：COMP175 Introduction to Artificial Intelligence,1,
Operating System代写：CSCI6303 Client Server Model,1,
Operating System代写：CSCI6303 Distributed Operating Systems,1,
Java代写：CS206 Convex Hulls,1,
Operating System代写：CSCI3431 Join,1,
Operating System代写：CS162 Shell,1,
Hadoop代写：CS425 Friday Night Plights,1,
Java代写：CSE214 Road Trips,1,
JavaScript代写：CS3016 JavaScript Application,1,
AI代写：CS4750 Minimax Tic-Tac-Toe,1,
JavaScript代写：CSE6242 D3 Graphs,1,
C++代写：ECS60 Simulation of A Texi Company,1,
Compiler代写：ECE454 Profiling and Compiler Optimizations,1,
C代写：CS213 Manipulating Bits,1,
SQLite代写：CSE6242 Analyzing Twitter Dataset,1,
Java代写：CSE2100 Birthday Paradox,1,
Compiler代写：CS1167 Basic Tokenizer,1,
PostgreSQL代写：COM5725 Hospital System Database and Data Interface,1,
C代写：COMP1917 Using Abstract Data Types,1,
Python代写：COMP9021 Maze,1,
Java代写：CS316 Nontrivial Algorithm,1,
Database代写：COMP2440 Relational Databases,1,
C#代写：COMP104 Battleship Card Game,1,
Machine Learning代写：INFO3406 Image Similarity Matching and Classification,1,
Distributed Systems代写：COMP90015 Multi-Server Chat System,1,
Python代写：IFB104 Jigsaw Pullze Part2,1,
Network Programg代写：COMP3331 Reliable Transport Protocol,1,
Machine Learning代写：COMP135 kNN,1,
Python代写：FIT1045 Algorithmic Problem Solving,1,
Java代写：Comp255 Process Manager,1,
C++代写：COMP3023 Modelling A Precedence Network,1,
Java代写：KIT101 Meal,1,
C代写：COMP20003 YELP Database as a Binary Search Tree,1,
Operating System代写：COMPSCI 340 TinyDos,1,
Python代写：CS1591 Computational Thinking,1,
Python代写：COMPSCI105 HTML Tag Checker,1,
Python代写：COMPSCI105 A Phone Book Management Program,1,
CS101代写：CS101 Five Questions,1,
Python代写：CSSE1001 Pokemon Finding Game,1,
Java代写：CS206 Very Large Integer,1,
JSP代写：CA31284 Web Services Development,1,
Python代写：CS204 Hashing,1,
ASP.NET代写：CS4112 MVC Basics,1,
C代写：CPSC4660 Database Management Systems,1,
Python代写：EE206 CRC Simulation and Dijkstra Algorithm,1,
CS106代写：Polynomial,1,
COMPSCI代写：CS105 ADT,1,
Security代写：CS3119 Client Authentication,1,
Network Programming代写：CS168 Chat,1,
Python代写：CP164 Stacks,1,
PHP代写：CS313 A Final Complete Website,1,
PHP代写：CS313 Investigate CMS,1,
C++代写：Computing Structures,1,
Python代写：CME3036 June Jolly,1,
Web代写：INFS3605 Undergraduate Coordinator Information System,1,
AI代写：CSCI561 Traffic Problem,1,
C代写：CS158 Team Trivia Competition,1,
C代写：CS158 Find The Digits,1,
C++代写：FIT2049 Simple Game Implementation,1,
Java代写：CMSC132 Six Degrees of Kevin Bacon,1,
SQL代写：INFO90002 Data Modelling,1,
Python代写：IFB104 Jigsaw Pullze Part1,1,
C代写：COMP1917 Simplified Yahtzee,1,
Java代写：ICT203 Foundations of Modern Systems Design,1,
Java代写：CS203 Stable Marriage Problem,1,
JavaScript代写：INFT 3970 Unforgettable,1,
Python代写：CSSE1001 Find Pikacha,1,
Python代写：CS1040 Social Networks,1,
Python代写：CSC148 Data Compression With Huffman Codes,1,
Java代写：CSC216 Wolf Pack Library Part2,1,
Java代写：CSC216 Wolf Library Part1,1,
C++代写：CS2360 Simulate Deck Of Cards,1,
Python代写：CS1040 Rudimentary System,1,
Web代写：ADI Shoddy Software Incorporated,1,
Web代写：ADI Wiki System,1,
C++代写：CA246 IO Probleams,1,
Java Swing代写：CIS304 Bank Account Application,1,
C代写：CNT5106 Peer to Peer Network,1,
PHP代写：CS306 Store Application,1,
Python代写：CT010 Students Car Park Registration System,1,
Python代写：CS116 Accumulative Recursion,1,
Java代写：CSE214 Restaurant's Menu,1,
Java代写：CSC110 Cellular Automaton,1,
Java代写：SENG201 Traffic Engineering Application Part2,1,
Java代写：SENG201 Traffic Engineering Application Part1,1,
Java代写：CS141 Task Manager,1,
Java代写：CSCE315 5 by 5 Tic-Tac-Toe,1,
Operating System代写：ECS60 Railway Network,1,
Python代写：ITD104 Fantales,1,
Operating System代写：ECS60 Memory Manager,1,
Java代写：CS150 Chutes and Ladders Continued,1,
Java代写：CS150 Chutes and Ladders,1,
Java Swing代写：FIT2034 Hunt the Snark,1,
Docker实战指南(三)：Docker镜像,1,
Java代写：CS150 Snakes and Ladders,1,
C++代写：CSCI1113 Merchant Ship,1,
CUDA代写：CME213 Vigenère Cipher Part2,1,
CUDA代写：CME213 Vigenère Cipher Part1,1,
CUDA代写：CME213 Heat Diffusion Equation,1,
Java代写：FIT9131 My Library,1,
JavaFX代写：CSE2100 Cosmic Wimpout,1,
C#代写：COMP5348 Video Store,1,
Docker实战指南(二)：在Docker中搭建Nginx服务器,1,
C#代写：CIS501 Instant Messaging App,1,
AI代写：CS3049 Likelihood Weighted Sampling,1,
Java代写：CSSE7023 Train Management System GUI,1,
Java代写：CSSE7023 Train Management System,1,
C代写：ICS53 Web Proxy,1,
Java代写：CS373 Hash Tables,1,
Hadoop代写：CSE3BDC Big Data Tools Task3,1,
Hadoop代写：CSE3BDC Big Data Tools Task2,1,
Hadoop代写：CSE3BDC Big Data Tools Task1,1,
PostgreSQL代写：INFO2120 Database Application Programming,1,
C++代写：CS1926 Simple Application,1,
C++代写：FIT2071 Text Quest 2,1,
C代写：COMP20005 Path Planning,1,
CUDA代写：CME213 Neural Networks on CUDA Part2,1,
CUDA代写：CME213 Neural Networks on CUDA Part1,1,
Java代写：CS125 Course Scheduler,1,
C++代写：ADDS 10 Polish Notation,1,
C#代写：CAB201 Yahtzee Part E,1,
C#代写：CAB201 Yahtzee Rules,1,
C#代写：CAB201 Yahtzee Part D,1,
C#代写：CAB201 Yahtzee Part C,1,
C#代写：CAB201 Yahtzee Part B,1,
C#代写：CAB201 Yahtzee Part A,1,
C++代写：FIT2071 Text Quest,1,
Oracle代写：CS6024 Dynamic SQL,1,
Java代写：CS1101 Hard Manager,1,
MIPS代写：CSCI2500 Instruction Pipeline and Cache Simulator,1,
Java代写：COMS 227 Yahtzee Part2,1,
Java代写：COMS 227 Yahtzee Part1,1,
C#代写：CIS340 Campus Cafeteria,1,
Database代写：Doc Store,1,
Java代写：CSCI1300 Working with real data,1,
Python代写：CSCI141 Blackout Math,1,
Java代写：COMPSCI230 Bouncing Program,1,
C++代写：CS3410 Game Design,1,
Database代写：CS5200 Equivalent Relational Model,1,
Hadoop代写：CS1003 Data Processing with MapReduce,1,
Operating System代写：COMP3080 File Description,1,
Python代写：COMSW3101 Introduction to Python,1,
Hadoop代写：CS698 Filght Data Analysis,1,
FTP代写：CS159 Socket Programming FTP Server,1,
Database代写：CSC570 Database Management System,1,
Database代写：CS108 Web-Based Application,1,
PHP代写：CS952 Database and Web Systems Development,1,
Java代写：KIT101 Sentence Cipher,1,
Java代写：COMS227 StringList,1,
Operating System代写：COMP3080 Memory Allocation,1,
C++代写：CS204 B-tree,1,
PHP代写：CS306 Hotel Reservation System,1,
Network Programming代写：CSE320 Wolfie Chat Part5,1,
Network Programming代写：CSE320 Wolfie Chat Part4,1,
Network Programming代写：CSE320 Wolfie Chat Part3,1,
Network Programming代写：CSE320 Wolfie Chat Part2,1,
Network Programming代写：CSE320 Wolfie Chat Part1,1,
C代写：CS341 Timing Instructions,1,
OpenGL代写：CA1 Computer Animation and Visualisation,1,
C++代写：CMPT115 Huffman Tree Part4,1,
C++代写：CMPT115 Huffman Tree Part3,1,
C++代写：CMPT115 Huffman Tree Part2,1,
C++代写：CMPT115 Huffman Tree Part1,1,
C代写：COMP2129 Minesweeper,1,
Java代写：CS1101 Gate,1,
C代写：COMP3430 File Systems And Low-level Operations,1,
Java代写：COMS227 Minesweeper,1,
Docker实战指南(一)：Docker介绍,1,
Database代写：CS730 Airport Database Design,1,
C#代写：INM 379 XNA Game Design,1,
Python代写：CMPT120 Mario,1,
C#代写：INM 378 Digital Signal Processing,1,
C代写：CIS2500 Rogue-like Part3,1,
C代写：CIS2500 Rogue-like,1,
Python代写：CSC521 Monte Carlo Simulate,1,
JavaFX代写：CS141 Langton's Ant Colony,1,
UI代写：CS422 Developing User Interfaces,1,
C代写：CS104 Minesweeper,1,
C代写：COMP2129 PageRank,1,
Java代写：CSE11 Tetris,1,
C代写：CS104 Word Count,1,
C代写：CS104 Matrix,1,
Java代写：CITS1001 2048,1,
OpenGL代写：CSCI336 3D Art Gallery,1,
System Programming代写：CS221 Shell,1,
Python代写：CSE231 Randering Colors,1,
Python代写：COMP9021 Tangram,1,
C++代写：FIT2071 Visual Text Quest,1,
C++代写：CS214 Singly Linked List,1,
MySQL代写：CA952 Art Gallery,1,
Bash代写：COMSC171 Bash Script,1,
OpenMP代写：CS4961 RedBlue Computation,1,
UML代写：CS5200 UML Class Diagrams,1,
Java代写：CS130 Tic-Tac-Toe,1,
Database代写：CS5200 Database Management,1,
PHP代写：CS360 Content Management System,1,
CUDA代写：CME213 PageRank,1,
NodeJS代写：CSC309 Synergy Space,1,
NodeJS代写：CSC309 Community Fund,1,
NodeJS代写：CSC309 Sharing Economy,1,
OpenMP代写：CME213 Radix Sort,1,
Database代写：CSC370 Database,1,
C++代写：CA2401 A List Of College Courses,1,
C++代写：NFE2140 MIDI Scale Player,1,
C++代写：CA2401 The Universal List,1,
"Georgia Tech代写：CSE6232 Hadoop, Spark, Pig and Pandas",1,
R代写：CSC120 Predicting Future Values Of A Time Sequence,1,
Security代写：CA161 File Store Service Part2,1,
Security代写：CA161 File Store Service Part1,1,
Python代写：ECM1414 Data Structures and Algorithms,1,
C++代写：CS2401 STL Container,1,
Algorithm代写：CS406 Greed Algorithm,1,
Hadoop代写：CA675 TF-IDF,1,
Java代写：CS415 Blackjack,1,
JavaScript代写：CSE6242 D3 Graphs and Visualization,1,
R代写：CSC120 Euclidean Minimum Weight Matching,1,
PHP代写：CPT270 Cinemas,1,
Operating System代写：CS308 Nameless Pipes,1,
Database代写：ECS165A Normal FormBCNF3NF4NF,1,
Java代写：COMP3007 Pathfinding,1,
PHP设计模式(十)：适配器模式,1,
PHP设计模式(九)：原型设计模式,1,
PHP设计模式(八)：工厂模式,1,
PHP设计模式(七)：设计模式分类,1,
PHP设计模式(六)：MVC,1,
Netfilter编程系列(二)：Iptables,1,
Netfilter编程系列(一)：Netfilter介绍,1,
PHP设计模式(五)：多态,1,
PHP设计模式(四)：继承,1,
PHP设计模式(三)：封装,1,
PHP设计模式(二)：抽象类和接口,1,
PHP设计模式(一)：基础编程模式,1,
jQuery 3教程(三)：jQuery集合,1,
jQuery 3教程(二)：jQuery选择器,1,
jQuery 3教程(一)：jQuery介绍,1,
Vim实战指南(九)：多窗口编辑,1,
Vim实战指南(八)：Vim vs vi,1,
Vim实战指南(七)：编程偏好配置,1,
Vim实战指南(六)：环境偏好配置,1,
Vim实战指南(五)：文本替换,1,
操作系统编程设计：ucontent,1,
操作系统编程设计：setjmplongjmp,1,
Kernel Module实战指南(四)：系统调用劫持,1,
Kernel Module实战指南(三)：编写字符型设备,1,
VPN技术(五)：加密技术和安全协议,1,
VPN技术(四)：VPN周边部署,1,
VPN技术(三)：Remote access VPN vs Site to site VPN,1,
VPN技术(二)：VPN如何工作？,1,
VPN技术(一)：为什么要使用VPN？,1,
Vim实战指南(四)：ex命令,1,
Kernel Module实战指南(二)：内核模块和应用程序的区别,1,
Kernel Module实战指南(一)：Hello World!,1,
Vim实战指南(三)：高级技巧,1,
Vim实战指南(二)：光标移动技巧,1,
Vim实战指南(一)：基础编辑命令,1,
SQL代写：CS420 Database Design,1,
C#代写：CS352 AJAX Web Form,1,
Java代写： CS107 Hotel Booking Application,1,
Python代写： CSC120H Simulating Canadian Elections,1,
C++代写： CS4410 Games Technology Assignment,1,
C++代写： CS635 Digital Image Processing,1,
C代写：CS251 Sorting,1,
C++代写：CS251 AVL Tree,1,
C++代写：CS1160 Random Number Guessing Game,1,
C#代写：PhD Course C Sharp,1,
Python代写：COMP1001 More Text Processing,1,
C++代写：CS3530 Rat In A Maze Problem,1,
C代写：CS140 Matrix-Vector Multiplication,1,
Java代写：CS413 Data Security,1,
Python代写：CSC411 Digit Classification,1,
PHP代写：CS353 Database System,1,
C代写：ECE222 Directory Listing,1,
Java代写：CS335 Space Racing Simulator,1,
为什么你需要编程作业代写帮助？,1,
Java代写：CS110 Circle,1,
C代写：CS101 Binary Arithmetic,1,
C++代写：CSCI104 Stack Implementation,1,
C代写：ECE222 Vectors And Matrices,1,
Java代写：CS455 Random Walk,1,
Python代写：CSC108H Tic-Tac-Toe,1,
